Title,Title,doi,BD_EPO,BD_Measure,NbS Intervention Type,birds,mammals,fish,amphibians,reptiles,worms ,phytoplankton and zooplankton,mollusca,other macroinvertebrates,nondesc_verts,crustacea,insects,fungi,rotifers,bacteria,Ter_Veg,Aqu_Veg,habitat/ecosystem  diversity,habitat-taxaconnect,habitatWB,habitatspecieslink,R_T,BD_Measure,baseline_compBD,water storage/retention,connectivity/conveyance capacity,drainage,groundwater recharge,flood impacts,streamflow speed,run off/erosion reduction,water quality,FM type_qual,FM type_quan,baseline_compFM,Country,Continent,Continentref,Scale,Scaleref,Scale2,BDFM relationship measured,NbSref,NbSreduce,NbS Intervention Type,timesinceint,int2,surveyrepeats,monitorType,R_T,surveyrepeatsOG
Identifying Ecological Security Patterns Based on Ecosystem Services Is a Significative Practice for Sustainable Development in Southwest China,Identifying Ecological Security Patterns Based on Ecosystem Services Is a Significative Practice for Sustainable Development in Southwest China,https://doi.org/10.3389/fevo.2021.810204,Y,N,Ecosystem Protection,NA,NA,NA,NA,NA,NA,NA,NA,NA,NA,NA,NA,NA,NA,NA,NA,NA,ecosystem/habitat diversity,Y - linked to taxa,between,Y,Response (NS),N,NA,quantitative,quantitative,NA,NA,quantitative,NA,quantitative,NA,NA,"water storage, conveyance, floodimpact, runoff and erosion",NA,China,Asia,B,macro+,c,Macro,Unclear,II,Ecosystem Protection,Ecosystem Protection,>1 decade,d,NA,Spatial cf,Response (NS),NA
Preliminary strategic environmental assessment of the Great Western Development Strategy: Safeguarding ecological security for a new western China,Preliminary strategic environmental assessment of the Great Western Development Strategy: Safeguarding ecological security for a new western China,10.1007/s00267-011-9794-1,N,N,Ecosystem Protection,NA,NA,NA,NA,NA,NA,NA,NA,NA,NA,NA,NA,NA,NA,NA,NA,NA,ecosystem/habitat diversity,? And N,NA,NA,Response(NS),N,NA,qualitative,NA,NA,NA,qualitative,NA,quantitative,NA,"water storage, floodimpact ",runoff and erosion,NA,China,Asia,B,macro+,c,Macro,NA,II,Ecosystem Protection,Ecosystem Protection,z,a,NA,Spatial cf,Response(NS),Unclear
Assessment of Green Infrastructure in Riparian Zones Using Copernicus Programme,Assessment of Green Infrastructure in Riparian Zones Using Copernicus Programme,10.3390/rs11242967,Y,N,Blue-Green Infrastructure,NA,NA,NA,NA,NA,NA,NA,NA,NA,NA,NA,NA,NA,NA,NA,NA,NA,ecosystem/habitat diversity,N - GI - general terrestrial networks,between,NA,Treatment(response(S)),N,NA,quantitative,NA,quantitative,NA,quantitative,NA,quantitative,NA,NA,"water storage, drainage, floodimpact, runoff and erosion",some,Italy,Europe,A,macro+,c,Macro,NA,AA,Blue-Green Infrastructure,Blue-Green Infrastructure,z,a,NA,Spatial cf,Treatment(response(S)),Unclear
From ecosystems to ecosystem services: Stream restoration as ecological engineering,From ecosystems to ecosystem services: Stream restoration as ecological engineering,10.1016/j.ecoleng.2013.07.059,N,N,Constructed Wetlands & Lake Reconstruction,NA,NA,NA,NA,NA,NA,NA,NA,NA,NA,NA,NA,NA,NA,NA,NA,NA,NA,,NA,NA,NA,N,NA,qualitative,NA,NA,NA,NA,quantitative,quantitative,quantitative,water storage,"flowvelocity, runoff and erosion",some,USA,North America,C,meso-macro,b,Meso,NA,GG,Constructed Wetlands & Lake Reconstruction,Constructed Wetlands & Lake Reconstruction,years,c,NA,No cf,NA,NA
A Large-Scale Nature-Based Solution in Agriculture for Sustainable Water Management: The Lake Karla Case,A Large-Scale Nature-Based Solution in Agriculture for Sustainable Water Management: The Lake Karla Case,10.3390/su12176761,N,N,Lake Restoration,community composition no baseline,NA,community composition no baseline,NA,NA,NA,NA,NA,NA,NA,NA,NA,NA,NA,NA,NA,NA,NA,NA,NA,NA,Response(NS),N,NA,quantitative,NA,quantitative,qualitative,quantitative,qualitative,qualitative,qualitative,"grounwater, flowvelocity, runoff and erosion","water storage, drainage, floodimpact",some,Greece,Europe,A,meso-macro,b,Meso,NA,BB,Other Restoration,Lake Restoration,>2 decades,e,NA,No cf,Response(NS),NA
Assessing flooding and possible adaptation measures using remote sensing data and hydrological modeling in Sweden,Assessing flooding and possible adaptation measures using remote sensing data and hydrological modeling in Sweden,https://doi.org/10.1016/j.crm.2022.100464,Y,N,Blue-Green Infrastructure,NA,NA,NA,NA,NA,NA,NA,NA,NA,NA,NA,NA,NA,NA,NA,NA,NA,NA,,NA,NA,Response(NS),N,NA,quantitative,NA,quantitative,qualitative,quantitative,quantitative,quantitative,qualitative,groundwater,"water storage, drainage, floodimpact, flowvelocity, runoff and erosion",some,Sweden,Europe,A,meso-macro,b,Meso,Positive,AA,Blue-Green Infrastructure,Blue-Green Infrastructure,years,c,NA,No cf,Response(NS),Unclear
Geomorphologic characteristics and evolution of managed dunes on the South West Coast of France,Geomorphologic characteristics and evolution of managed dunes on the South West Coast of France,10.1016/j.geomorph.2020.107312,N,N,Coastal restoration,NA,NA,NA,NA,NA,NA,NA,NA,NA,NA,NA,NA,NA,NA,NA,NA,NA,NA,,NA,NA,Response(NS),N,NA,NA,NA,NA,NA,qualitative,NA,quantitative,NA,floodimpact,flowvelocity,some,France,Europe,A,meso-macro,b,Meso,NA,HH,Other Restoration,Coastal restoration,years,c,NA,No Cf,Response(NS),NA
Restoring Rivers and Floodplains for Habitat and Flood Risk Reduction: Experiences in Multi-Benefit Floodplain Management From California and Germany,Restoring Rivers and Floodplains for Habitat and Flood Risk Reduction: Experiences in Multi-Benefit Floodplain Management From California and Germany,https://doi.org/10.3389/fenvs.2021.778568,Y,N,Wetland Restoration,NA,NA,NA,NA,NA,NA,NA,NA,NA,NA,NA,NA,NA,NA,NA,NA,NA,NA,NA,NA,NA,Response(NS),N,NA,qualitative,quantitative,qualitative,qualitative,quantitative,qualitative,qualitative,quantitative,"water storage, drainage, groundwater, floodimpact, runoff and erosion","conveyance, floodimpact",NA,"USA, Germany",Across,F,meso-macro,b,Meso,NA,DD,Wetland Restoration,Wetland Restoration,>2 decades,e,NA,No cf,Response(NS),Unclear
Contradictory hydrological impacts of afforestation in the humid tropics evidenced by long-term field monitoring and simulation modelling,Contradictory hydrological impacts of afforestation in the humid tropics evidenced by long-term field monitoring and simulation modelling,10.5194/hess-20-2691-2016,N,N,Forest afforestation,NA,NA,NA,NA,NA,NA,NA,NA,NA,NA,NA,NA,NA,NA,NA,species composition no baseline,NA,ecosystem/habitat diversity,NA,between,NA,Treatment(NS),N,NA,quantitative,NA,NA,quantitative,NA,quantitative,quantitative,NA,NA,"water storage, groundwater, flowvelocity, runoff and erosion",some,Vietnam and Laos,Asia,B,meso-macro,b,Meso,Positive,FF,Afforestation,Forest afforestation,>1 decade,d,repeated ,pre-post,Treatment(NS),repeated 
High tolerance land use against flood disasters: How paddy fields as previously natural wetland inhibit the occurrence of floods,High tolerance land use against flood disasters: How paddy fields as previously natural wetland inhibit the occurrence of floods,10.1016/j.ecolind.2020.106306,N,N,Agro-ecological management,NA,NA,NA,NA,NA,NA,NA,NA,NA,NA,NA,NA,NA,NA,NA,NA,NA,ecosystem/habitat diversity,within and not linked to taxa,within,NA,Treatment(NS),N,NA,quantitative,NA,NA,qualitative,quantitative,quantitative,NA,NA,groundwater,"water storage, floodimpact, flowvelocity",NA,Japan,Asia,B,meso-macro,b,Meso,NA,JJ,Agro-ecological management,Agro-ecological management,years,c,NA,No cf,Treatment(NS),Unclear
Valuation of the environmental benefits induced by a constructed wetland,Valuation of the environmental benefits induced by a constructed wetland,10.1007/s11273-021-09811-x,Y,N,Constructed Wetlands & Lake Reconstruction,species abundance,NA,NA,NA,NA,NA,NA,NA,NA,NA,NA,single species abundance,NA,NA,single species abundance,"species abundance, species composition",species abundance,ecosystem/habitat diversity,"Y - within habitat diversity of cover types, linked to taxa indicator species",within and between,Y,Treatment(NS),N,some,NA,NA,NA,NA,NA,quantitative,quantitative,quantitative,NA,"flowvelocity, runoff and erosion",some,France,Europe,A,meso-macro,b,Meso,Positive,GG,Constructed Wetlands & Lake Reconstruction,Constructed Wetlands & Lake Reconstruction,>1 decade,d,repeated ,pre-post,Treatment(NS),repeated 
Mitigating Polluted Runoff from Industrial Estates by SUDS Retrofits: Case Studies of Problems and Solutions Co-Designed with a Participatory Approach,Mitigating Polluted Runoff from Industrial Estates by SUDS Retrofits: Case Studies of Problems and Solutions Co-Designed with a Participatory Approach,10.3390/su132212357,N,N,Blue-Green Infrastructure,NA,NA,NA,NA,NA,NA,NA,NA,NA,NA,NA,NA,NA,NA,NA,NA,NA,NA,N - assumed biodiversity comes with blue-green infrastructure treatment,NA,NA,Treatment(NS),N,NA,quantitative,qualitative,quantitative,qualitative,quantitative,qualitative,quantitative,quantitative,"conveyance, groundwater, flowvelocity","water storage, drainage, floodimpact, runoff and erosion",NA,Scotland,Europe,A,meso-macro,b,Meso,NA,AA,Blue-Green Infrastructure,Blue-Green Infrastructure,z,a,NA,No cf,Treatment(NS),Unclear
The impact of agricultural land afforestation on soil water content in Central Bohemia,The impact of agricultural land afforestation on soil water content in Central Bohemia,10.17221/108/2021-JFS,Y,N,Forest afforestation,NA,NA,NA,NA,NA,NA,NA,NA,NA,NA,NA,NA,NA,NA,NA,species composition no baseline,NA,NA,,NA,NA,Treatment(NS),N,NA,quantitative,NA,NA,NA,NA,NA,NA,NA,NA,water storage,some,Czech Republic,Europe,A,meso-macro,b,Meso,Negative,FF,Afforestation,Forest afforestation,years,c,repeated ,Spatial cf,Treatment(NS),repeated 
Top soil removal reduces water pollution from phosphorus and dissolved organic matter and lowers methane emissions from rewetted peatlands,Top soil removal reduces water pollution from phosphorus and dissolved organic matter and lowers methane emissions from rewetted peatlands,10.1111/1365-2664.12931,N,N,Wetland Restoration,NA,NA,NA,NA,NA,NA,NA,NA,NA,NA,NA,NA,NA,NA,NA,NA,NA,NA,NA,within,NA,Treatment(NS),N,NA,NA,NA,NA,quantitative,NA,NA,NA,quantitative,NA,groundwater,NA,Germany,Europe,A,meso-macro,b,Meso,NA,DD,Wetland Restoration,Wetland Restoration,z,a,NA,No cf,Treatment(NS),Unclear
Towards urban resilience through Sustainable Drainage Systems: A multi-objective optimisation problem,Towards urban resilience through Sustainable Drainage Systems: A multi-objective optimisation problem,10.1016/j.jenvman.2020.111173,Y,N,Blue-Green Infrastructure,NA,NA,NA,NA,NA,NA,NA,NA,NA,NA,NA,NA,NA,NA,NA,NA,NA,NA,,NA,NA,Treatment(NS),N,NA,NA,NA,NA,NA,quantitative,NA,NA,quantitative,NA,floodimpact,NA,Brazil,South America,D,meso-macro,b,Meso,NA,AA,Blue-Green Infrastructure,Blue-Green Infrastructure,z,a,NA,No cf,Treatment(NS),NA
"Concept and Practices Involved in Comprehensive River Control Based on the Synergy among Flood Control, Ecological Restoration, and Urban Development: A Case Study on a Valley Reach of Luanhe River in a Semiarid Region in North China","Concept and Practices Involved in Comprehensive River Control Based on the Synergy among Flood Control, Ecological Restoration, and Urban Development: A Case Study on a Valley Reach of Luanhe River in a Semiarid Region in North China",10.3390/w14091413,N,N,River Restoration,Unclear,NA,Unclear,NA,NA,NA,NA,NA,NA,NA,NA,NA,NA,NA,NA,Unclear,Unclear,unclear,not enough details about habitat,NA,NA,Treatment(NS),N,Unclear,qualitative,quantitative,quantitative,quantitative,quantitative,quantitative,quantitative,quantitative,water storage,"conveyance, drainage, groundwater, floodimpact, flowvelocity, runoff and erosion",some,China,Asia,B,meso-macro,b,Meso,NA,EE,River Restoration,River Restoration,z,a,NA,No cf,Treatment(NS),Unclear
Evaluating the effectiveness of catchment-scale approaches in mitigating urban surface water flooding,Evaluating the effectiveness of catchment-scale approaches in mitigating urban surface water flooding,10.1098/rsta.2019.0203,N,N,Blue-Green Infrastructure,NA,NA,NA,NA,NA,NA,NA,NA,NA,NA,NA,NA,NA,NA,NA,NA,NA,NA,NA,NA,NA,Treatment(NS/ modelled),N,NA,quantitative,NA,quantitative,qualitative,quantitative,quantitative,quantitative,NA,groundwater,"water storage, drainage, floodimpact, flowvelocity, runoff and erosion",some,England,Europe,A,meso-macro,b,Meso,NA,AA,Blue-Green Infrastructure,Blue-Green Infrastructure,z,a,NA,Spatial cf/No cf,Treatment(NS/ modelled),NA
"Impact of natural reforestation on floodplain sedimentation in the Dragonja basin, SW Slovenia","Impact of natural reforestation on floodplain sedimentation in the Dragonja basin, SW Slovenia",10.1002/esp.1360,N,N,Floodplain restoration,NA,NA,NA,NA,NA,NA,NA,NA,NA,NA,NA,NA,NA,NA,NA,community composition ,community composition ,ecosystem/habitat diversity,Y - within H and linked to taxa (taxa only linked to one habitat within the floodplain habitat),within,Y,Treatment(S),N,NA,NA,NA,NA,NA,quantitative,quantitative,quantitative,NA,NA,"floodimpact, flowvelocity, runoff and erosion",some,Slovenia,Europe,A,meso-macro,b,Meso,Neutral,CC,Floodplain restoration,Floodplain restoration,>6 decades,f,NA,No cf,Treatment(S),Unclear
"Land-use impacts on the quantity and configuration of ecosystem service provisioning in Massachusetts, USA","Land-use impacts on the quantity and configuration of ecosystem service provisioning in Massachusetts, USA",10.1111/1365-2664.12444,N,N,Ecosystem Protection,NA,NA,NA,NA,NA,NA,NA,NA,NA,NA,NA,NA,NA,NA,NA,NA,NA,ecosystem/habitat diversity,"N- general terrestrial species habitat, not specific enough to a taxa",within,NA,Treatment(S),N,NA,quantitative,NA,NA,NA,NA,NA,quantitative,quantitative,NA,"water storage, runoff and erosion",some,USA,North America,C,meso-macro,b,Meso,Unclear,II,Ecosystem Protection,Ecosystem Protection,z,a,NA,Temporal cf (post-post),Treatment(S),once 
Quantitative calculation and optimized applications of ecological flow based on nature-based solutions,Quantitative calculation and optimized applications of ecological flow based on nature-based solutions,10.1016/j.jhydrol.2021.126216,Y,N,River Restoration,NA,NA,NA,NA,NA,NA,NA,NA,NA,NA,NA,NA,NA,NA,NA,NA,NA,ecosystem/habitat diversity,Y - within -habitat complexity and suitability for specific indicator fish and vegetation,within,Y,Treatment(S),N,NA,NA,qualitative,NA,quantitative,NA,quantitative,NA,qualitative,conveyance,"groundwater, flowvelocity",some,China,Asia,B,meso-macro,b,Meso,Unclear,EE,River Restoration,River Restoration,years,c,NA,Spatial cf?,Treatment(S),Unclear
An Analysis of Stormwater Management Variants in Urban Catchments,An Analysis of Stormwater Management Variants in Urban Catchments,10.3390/resources9020019,N,N,Green roofs,NA,NA,NA,NA,NA,NA,NA,NA,NA,NA,NA,NA,NA,NA,NA,NA,NA,NA,,NA,NA,Response(NS),N,NA,quantitative,NA,quantitative,qualitative,quantitative,quantitative,quantitative,NA,groundwater,"water storage, drainage, floodimpact, flowvelocity, runoff and erosion",some,Poland,Europe,A,micro-meso,a,Micro,NA,BB,Green roofs,Green roofs,z,a,NA,No cf,Response(NS),once 
Island topographies to reduce short-circuiting in stormwater detention ponds and treatment wetlands,Island topographies to reduce short-circuiting in stormwater detention ponds and treatment wetlands,10.1016/j.ecoleng.2018.02.020,Y,N,Blue-Green Infrastructure,NA,NA,NA,NA,NA,NA,NA,NA,NA,NA,NA,NA,NA,NA,NA,NA,NA,ecosystem/habitat diversity,"Y - actual equation for within H,  but no link to taxa, good example of spatial cf for habitat only",within,NA,Treatment(NS),N,some,quantitative,quantitative,NA,NA,NA,quantitative,NA,quantitative,NA,"water storage, conveyance, flowvelocity",NA,England,Europe,A,micro-meso,a,Micro,Positive,AA,Blue-Green Infrastructure,Blue-Green Infrastructure,z,a,repeated ,Spatial cf,Treatment(NS),repeated 
"Green roof ecosystem services in various urban development types: A case study in Graz, Austria","Green roof ecosystem services in various urban development types: A case study in Graz, Austria",10.1016/j.ufug.2021.127167,Y,N,Green roofs,NA,NA,NA,NA,NA,NA,NA,NA,NA,NA,NA,NA,NA,NA,NA,NA,NA,NA,didn't really measure the diversity,NA,NA,Treatment(NS),N,Unclear,quantitative,NA,NA,NA,qualitative,NA,qualitative,qualitative,"floodimpact, runoff and erosion",water storage,some,Austria,Europe,A,micro-meso,a,Micro,NA,BB,Green roofs,Green roofs,z,a,NA,No cf,Treatment(NS),NA
Multilayer blue-green roofs as nature-based solutions for water and thermal insulation management,Multilayer blue-green roofs as nature-based solutions for water and thermal insulation management,10.2166/nh.2022.201,Y,N,Green roofs,NA,NA,NA,NA,NA,NA,NA,NA,NA,NA,NA,NA,NA,NA,NA,NA,NA,NA,,NA,NA,Treatment(NS),N,NA,quantitative,NA,qualitative,qualitative,quantitative,quantitative,quantitative,qualitative,"drainage, groundwater","water storage, floodimpact, flowvelocity",some,Italy,Europe,A,micro-meso,a,Micro,NA,BB,Green roofs,Green roofs,months,b,NA,No cf,Treatment(NS),Unclear
"Scalable Green InfrastructureThe Case of Domestic Private Gardens in Vuores, Finland","Scalable Green InfrastructureThe Case of Domestic Private Gardens in Vuores, Finland",10.3390/su10124571,N,N,Blue-Green Infrastructure,NA,NA,NA,NA,NA,NA,NA,NA,NA,NA,NA,NA,NA,NA,NA,NA,NA,NA,,NA,NA,Treatment(NS),N,NA,quantitative,qualitative,qualitative,qualitative,qualitative,qualitative,qualitative,qualitative,"conveyance, drainage, groundwater, floodimpact, runoff and erosion","water storage, flowvelocity",NA,Finland,Europe,A,micro-meso,a,Micro,NA,AA,Blue-Green Infrastructure,Blue-Green Infrastructure,z,a,NA,Spatial cf,Treatment(NS),NA
Achieving Successful River Restoration in Dense Urban Areas: Lessons from Taiwan,Achieving Successful River Restoration in Dense Urban Areas: Lessons from Taiwan,10.3390/su8111159,N,N,River Restoration,NA,NA,NA,NA,NA,NA,NA,NA,NA,NA,NA,NA,NA,NA,NA,community composition no baseline,NA,Unclear,N - mentions pool riffle sequence habitats but no measures,NA,NA,Treatment(NS),N,NA,NA,NA,NA,NA,qualitative,NA,NA,NA,floodimpact,NA,NA,Taiwan,Asia,B,micro-meso,a,Micro,NA,EE,River Restoration,River Restoration,years,c,NA,No cf,Treatment(NS),NA
Evaluating natural capital performance of urban development through system dynamics: A case study from London,Evaluating natural capital performance of urban development through system dynamics: A case study from London,10.1016/j.scitotenv.2022.153673,N,N,Blue-Green Infrastructure,NA,NA,NA,NA,NA,NA,NA,NA,NA,NA,NA,NA,NA,NA,NA,NA,NA,NA,NA,NA,NA,Treatment(NS/ modelled),N,NA,quantitative,NA,NA,quantitative,qualitative,quantitative,quantitative,NA,floodimpact,"water storage, groundwater, flowvelocity, runoff and erosion",some,England,Europe,A,micro-meso,a,Micro,Positive,AA,Blue-Green Infrastructure,Blue-Green Infrastructure,years,c,NA,No cf,Treatment(NS/ modelled),Unclear
Biodiversity and ecological long-term plots in Southern Patagonia to support sustainable land management: The case of PEBANPA network,Biodiversity and ecological long-term plots in Southern Patagonia to support sustainable land management: The case of PEBANPA network,10.1016/j.jnc.2016.09.003,Y,Y,Agro-ecological management,"species richness, species abundance, species composition, ",NA,NA,NA,NA,NA,NA,NA,NA,NA,NA,"species richness, species abundance, species composition, ","species richness, species abundance, species composition, ",NA,NA,"species richness, species abundance, species composition, ","species richness, species composition",ecosystem/habitat diversity,Y - between and with and does link taxa,within and between,Y,Response (S),Y,some,quantitative,NA,NA,NA,NA,NA,quantitative,NA,NA,"water storage, runoff and erosion",NA,Argentina,South America,D,macro+,c,Macro,NA,JJ,Agro-ecological management,Agro-ecological management,>5 decades,f,repeated ,Spacio-temporal (post-post),Response (S),repeated 
"Heterogeneity of aquatic ecosystems in a developing city for construction of civilized freshwater ecology, China","Heterogeneity of aquatic ecosystems in a developing city for construction of civilized freshwater ecology, China",10.1002/eco.1990,Y,Y,River Restoration,NA,NA,"species richness, species abundance, species composition, ",NA,NA,NA,NA,NA,"species richness, species abundance, species composition, ",NA,NA,NA,NA,NA,NA,NA,NA,ecosystem/habitat diversity,Y - within FP with funcitonal links to specific taxa,within,Y,Response (S),Y,some,qualitative,NA,NA,NA,NA,quantitative,NA,quantitative,NA,water storage,some,China,Asia,B,macro+,c,Macro,Positive,EE,River Restoration,River Restoration,years,c,repeated ,Spatial cf,Response (S),repeated 
Rewilding cultural landscape potentially puts both avian diversity and endemism at risk: A Tibetan Plateau case study,Rewilding cultural landscape potentially puts both avian diversity and endemism at risk: A Tibetan Plateau case study,10.1016/j.biocon.2018.05.008,Y,Y,Grassland restoration,"species richness, species evenness, species abundance",NA,NA,NA,NA,NA,NA,NA,NA,NA,NA,NA,NA,NA,NA,NA,NA,ecosystem/habitat diversity,"Y - ideal example, mnapping detail of habitat heterogenity for birds",within,Y,Response (S),Y,Unclear,quantitative,NA,NA,NA,NA,NA,NA,NA,NA,water storage,NA,Taiwan,Asia,B,macro+,c,Macro,Negative,HH,Other Restoration,Grassland restoration,>1 decade,d,NA,Spatial cf,Response (S),Unclear
Mitigation of urbanization effects on aquatic ecosystems by synchronous ecological restoration,Mitigation of urbanization effects on aquatic ecosystems by synchronous ecological restoration,10.1016/j.watres.2021.117587,Y,Y,Constructed Wetlands & Lake Reconstruction,NA,NA,NA,NA,NA,species abundance,NA,"species richness, species evenness","species richness, species evenness",NA,NA,NA,NA,NA,NA,NA,NA,NA,,NA,NA,Response (S),Y,some,NA,NA,qualitative,NA,NA,NA,NA,quantitative,NA,NA,NA,China,Asia,B,macro+,c,Macro,NA,GG,Constructed Wetlands & Lake Reconstruction,Constructed Wetlands & Lake Reconstruction,>1 decade,d,repeated ,Spatio-temporal (prepost),Response (S),repeated 
Spatial priorities for freshwater biodiversity conservation in light of catchment protection and connectivity in Europe,Spatial priorities for freshwater biodiversity conservation in light of catchment protection and connectivity in Europe,10.1371/journal.pone.0267801,Y,Y,Ecosystem Protection,NA,NA,species richness,NA,NA,NA,NA,species richness,NA,NA,NA,species richness,NA,NA,NA,NA,species richness,NA,N - mapping number of threated species to conservation zones and connectivity but not specific taxa,NA,NA,Response (S),Y,NA,NA,quantitative,NA,NA,NA,NA,NA,NA,NA,conveyance,NA,Across Europe,Europe,A,macro+,c,Macro,Unclear,II,Ecosystem Protection,Ecosystem Protection,z,a,NA,Spatial cf,Response (S),NA
Trajectories of ecosystem change in restored blanket peatlands,Trajectories of ecosystem change in restored blanket peatlands,10.1016/j.scitotenv.2019.02.095,Y,Y,Wetland Restoration,NA,NA,NA,NA,NA,NA,NA,NA,NA,NA,NA,NA,NA,NA,NA,"species richness, species evenness, species abundance",Unclear,NA,,NA,NA,Response (S),Y,some,NA,NA,NA,quantitative,quantitative,quantitative,quantitative,quantitative,NA,"groundwater, floodimpact, flowvelocity, runoff and erosion",some,England,Europe,A,macro+,c,Macro,Unclear,DD,Wetland Restoration,Wetland Restoration,>1 decade,d,repeated ,Temporal (pre-post),Response (S),repeated 
"Wetlands in China: Evolution, Carbon Sequestrations and Services, Threats, and Preservation/Restoration","Wetlands in China: Evolution, Carbon Sequestrations and Services, Threats, and Preservation/Restoration",https://doi.org/10.3390/w14071152,N,Y,Wetland Restoration,species richness,species richness,species richness,species richness,species richness,species richness,NA,species richness,species richness,species richness,NA,NA,NA,NA,species richness,species richness,"functional diversity, species composition, species richness, species abundance",NA,,NA,NA,Response(NS),Y,NA,quantitative,NA,quantitative,qualitative,qualitative,qualitative,qualitative,qualitative,"groundwater, floodimpact, flowvelocity, runoff and erosion","water storage, drainage",NA,China,Asia,B,macro+,c,Macro,NA,DD,Wetland Restoration,Wetland Restoration,>1 decade,d,NA,No cf,Response(NS),Unclear
Tradeoffs among ecosystem services in restored wetlands,Tradeoffs among ecosystem services in restored wetlands,10.1016/j.biocon.2015.07.006,Y,Y,Wetland Restoration,"species richness, species abundance, species composition, species evenness",NA,NA,"species richness, species abundance, species composition, ",NA,NA,NA,NA,NA,NA,NA,NA,NA,NA,NA,"species richness, species abundance, species composition, species evenness",Unclear,NA,,NA,NA,Treatment(response(S)),Y,NA,quantitative,NA,NA,NA,quantitative,NA,NA,NA,NA,"water storage, floodimpact",some,USA,North America,C,macro+,c,Macro,Neutral,DD,Wetland Restoration,Wetland Restoration,>1 decade,d,NA,Spatial cf,Treatment(response(S)),NA
Vision-Based Decision-Making Methodology for Riparian Forest Restoration and Flood Protection Using Nature-Based Solutions,Vision-Based Decision-Making Methodology for Riparian Forest Restoration and Flood Protection Using Nature-Based Solutions,10.3390/su12083305,Y,Y,Floodplain restoration,NA,NA,NA,NA,NA,NA,NA,NA,NA,NA,NA,NA,NA,NA,NA,species composition,species composition,ecosystem/habitat diversity,Y ideal example - of baseline assessment - between and within and  vegetation types were matched with the habitat types (taxa),within and between,Y,Treatment(S),Y,NA,qualitative,qualitative,NA,quantitative,quantitative,quantitative,quantitative,quantitative,water storage and conveyance,"groundwater, floodimpact, flowvelocity, runoff and erosion",some,Greece,Europe,A,macro+,c,Macro,NA,CC,Floodplain restoration,Floodplain restoration,years,c,repeated ,Spatial cf,Treatment(S),repeated 
Adaptation to climate change and conservation of biodiversity using green infrastructure,Adaptation to climate change and conservation of biodiversity using green infrastructure,10.1002/rra.3576,Y,Y,Floodplain restoration,"species richness, single species abundance",NA,NA,NA,NA,NA,NA,NA,NA,NA,NA,NA,NA,NA,NA,"species richness, species abundance","species richness, species composition",Unclear,N - discusses but didn't quite measuree habitat diversity,NA,NA,Treatment(S),Y,NA,quantitative,NA,quantitative,quantitative,quantitative,quantitative,quantitative,NA,NA,"conveyance, drainage, groundwater, floodimpact, flowvelocity, runoff and erosion",all,Japan,Asia,B,macro+,c,Macro,NA,CC,Floodplain restoration,Floodplain restoration,>2 decades,e,repeated ,Spatial cf,Treatment(S),repeated 
Aquatic ecosystem functions of an isolated floodplain and their implications for flood retention and management,Aquatic ecosystem functions of an isolated floodplain and their implications for flood retention and management,10.1111/1365-2664.12029,N,Y,Floodplain restoration,NA,NA,NA,NA,NA,NA,Unclear,Unclear,Unclear,NA,NA,species richness,NA,NA,NA,species richness,species richness,ecosystem/habitat diversity,Y - have linked specific species (like rheophilic sp) to habitat heterogeneity through varyiugn connectivity,within,Y,Response (S),Y,NA,quantitative,quantitative,qualitative,NA,qualitative,NA,quantitative,NA,"drainage, floodimpact","water storage, conveyance, runoff and erosion",some,Austria,Europe,A,meso-macro,b,Meso,Positive,CC,Floodplain restoration,Floodplain restoration,>2 decades,e,repeated ,Spatial cf,Response (S),repeated 
Are natural floods accelerators for streambank vegetation development in floodplain restoration?,Are natural floods accelerators for streambank vegetation development in floodplain restoration?,10.1002/iroh.202102091,Y,Y,Floodplain restoration,NA,NA,NA,NA,NA,NA,NA,NA,NA,NA,NA,NA,NA,NA,NA,"species richness, species composition","species richness, species composition",ecosystem/habitat diversity,"within - ""all species were assigned either to one of the five floodplain habitats (permanent water, fluctuating water zone, reed bed and tall herb stands, softwood riparian forest and hardwood riparian forest) or no floodplain habitat (nontarget species).""",within and between,Y,Response (S),Y,NA,NA,quantitative,NA,NA,NA,NA,quantitative,NA,NA,conveyance,some,Germany,Europe,A,meso-macro,b,Meso,Unclear,CC,Floodplain restoration,Floodplain restoration,years,c,repeated ,Spatio-temporal (prepost),Response (S),repeated 
"Dryland Watershed Restoration With Rock Detention Structures: A Nature-based Solution to Mitigate Drought, Erosion, Flooding, and Atmospheric Carbon","Dryland Watershed Restoration With Rock Detention Structures: A Nature-based Solution to Mitigate Drought, Erosion, Flooding, and Atmospheric Carbon",10.3389/fenvs.2021.679189,N,Y,Watershed restoration,species richness,species richness,species richness,species richness,species richness,NA,NA,NA,species richness,NA,NA,NA,NA,NA,NA,species richness,species richness,ecosystem/habitat diversity,Y - restoration of riparian habitat areas linked to multiple groups (niches within single habitat type),within,Y,Response (S),Y,some,qualitative,qualitative,NA,NA,quantitative,quantitative,quantitative,qualitative,water storage and conveyance,,some,USA,North America,C,meso-macro,b,Meso,Positive,HH,Other Restoration,Watershed restoration,>2 decades,e,repeated ,Temporal (post-post),Response (S),repeated 
Echoes of a flood pulse: short-term effects of record flooding of the Illinois River on floodplain lakes under ecological restoration,Echoes of a flood pulse: short-term effects of record flooding of the Illinois River on floodplain lakes under ecological restoration,10.1007/s10750-017-3220-5,Y,Y,Floodplain restoration,"species richness, species abundance, species composition, ",NA,"species richness, species abundance, species composition, ",NA,NA,NA,"species abundance, species composition",NA,"species abundance, species composition",NA,"species abundance, species composition",NA,NA,"species richness, species abundance",species composition,NA,"species abundance, species composition",ecosystem/habitat diversity,Y - within floodplain habitat - structural diversity of  habitat niches and functional link to taxa (nursery for waterfowl and fish etc.),within and between,NA,Response (S),Y,some,qualitative,quantitative,quantitative,NA,NA,NA,NA,quantitative,NA,water storage,some,USA,North America,C,meso-macro,b,Meso,Positive,CC,Floodplain restoration,Floodplain restoration,years,c,repeated ,Spatial cf,Response (S),repeated 
How do instream flow increase and gravel augmentation impact biological communities in large rivers: A case study on the Upper Rhine River,How do instream flow increase and gravel augmentation impact biological communities in large rivers: A case study on the Upper Rhine River,10.1002/rra.3237,Y,Y,River Restoration,NA,NA,NA,NA,NA,"species richness, species evenness, species abundance",NA,NA,"species richness, species abundance, species composition, species evenness",NA,"species richness, species evenness, species abundance","species richness, species evenness, species abundance",NA,NA,NA,"species richness, species evenness, species abundance","species richness, species abundance, species composition, ",ecosystem/habitat diversity,"Y - within and linked to species, good example of structural d",within,Y,Response (S),Y,some,NA,quantitative,NA,qualitative,NA,quantitative,quantitative,NA,NA,"conveyance, flowvelocity, runoff and erosion",some,"France, Germany",Europe,A,meso-macro,b,Meso,Positive,EE,River Restoration,River Restoration,years,c,repeated ,Spatio-temporal (prepost),Response (S),repeated 
How maintenance and restoration measures mediate the response of riparian plant functional composition to environmental gradients on channel margins: Insights from a highly degraded large river,How maintenance and restoration measures mediate the response of riparian plant functional composition to environmental gradients on channel margins: Insights from a highly degraded large river,10.1016/j.scitotenv.2018.11.434,Y,Y,River Restoration,NA,NA,NA,NA,NA,NA,NA,NA,NA,NA,NA,NA,NA,NA,NA,"species richness, species abundance, species composition, functional diversity","species richness, species abundance, species composition, functional diversity",ecosystem/habitat diversity,"Y - specific plants with niche traits mapped into xeric, mesic and hydric habitat conditions",within,Y,Response (S),Y,NA,NA,quantitative,NA,NA,NA,quantitative,quantitative,qualitative,NA,"conveyance, flowvelocity, runoff and erosion",some,France,Europe,A,meso-macro,b,Meso,Positive,EE,River Restoration,River Restoration,>1 decade,d,NA,Spatial cf,Response (S),Unclear
Is the riparian habitat creation an effective measure of plant conservation within the urbanized area?,Is the riparian habitat creation an effective measure of plant conservation within the urbanized area?,10.1016/j.ecoleng.2015.06.009,Y,Y,Floodplain restoration,NA,NA,NA,NA,NA,NA,NA,NA,NA,NA,NA,NA,NA,NA,NA,"species richness, species abundance, species composition, ","species richness, species abundance, species composition, ",ecosystem/habitat diversity,Y - within H and linked to taxa,between and within,Y,Response (S),Y,some,NA,qualitative,NA,NA,NA,NA,NA,NA,conveyance,NA,NA,Poland,Europe,A,meso-macro,b,Meso,Unclear,CC,Floodplain restoration,Floodplain restoration,>1 decade,d,repeated ,Spatio-temporal (prepost),Response (S),repeated 
Macro-tidal salt marsh ecosystem response to culvert expansion,Macro-tidal salt marsh ecosystem response to culvert expansion,10.1111/j.1526-100X.2009.00602.x,Y,Y,Floodplain restoration,NA,NA,"species richness, species abundance, species composition, ",NA,NA,NA,NA,NA,NA,NA,NA,species abundance,NA,NA,NA,"species abundance, species composition","species abundance, species composition",ecosystem/habitat diversity,"Y - within and linked to species, good example of structural d",within,Y,Response (S),Y,some,quantitative,quantitative,NA,quantitative,NA,quantitative,qualitative,NA,runoff and erosion,"water storage, conveyance, groundwater, flowvelocity",some,Canada,North America,C,meso-macro,b,Meso,Unclear,CC,Floodplain restoration,Floodplain restoration,years,c,repeated ,Temporal (pre-post),Response (S),repeated 
Post-Flood recovery of a macroinvertebrate community in a regulated River: Resilience of an anthropogenically altered ecosystem,Post-Flood recovery of a macroinvertebrate community in a regulated River: Resilience of an anthropogenically altered ecosystem,10.1111/j.1526-100X.2007.00258.x,Y,Y,Floodplain restoration,NA,NA,NA,NA,NA,NA,NA,NA,"species richness, species abundance, species composition, ",NA,NA,NA,NA,NA,NA,NA,species abundance,ecosystem/habitat diversity,Y - good example of within H monitoring linked to taxa,within,Y,Response (S),Y,some,NA,quantitative,NA,NA,NA,qualitative,qualitative,NA,"flowvelocity, runoff and erosion",conveyance,some,USA,North America,C,meso-macro,b,Meso,NA,CC,Floodplain restoration,Floodplain restoration,>1 decade,d,repeated ,Spatio-temporal (prepost),Response (S),repeated 
Renaturing cities using a regionally-focused biodiversity-led multifunctional benefits approach to urban green infrastructure,Renaturing cities using a regionally-focused biodiversity-led multifunctional benefits approach to urban green infrastructure,10.1016/j.envsci.2016.01.013,Y,Y,Blue-Green Infrastructure,NA,NA,NA,NA,NA,NA,NA,NA,species richness,NA,NA,single species abundance,NA,NA,NA,"species richness, species composition",NA,ecosystem/habitat diversity,Y - UGI landscaping habitat heterogeneity linked to coleoptera etc.,within and between,Y,Response (S),Y,Unclear,qualitative,NA,qualitative,NA,NA,NA,NA,NA,water storage,NA,NA,England,Europe,A,meso-macro,b,Meso,NA,AA,Blue-Green Infrastructure,Blue-Green Infrastructure,years,c,NA,Spatial cf,Response (S),NA
"Stormwater wetlands for the enhancement of environmental ecosystem services: case studies for two retrofit wetlands in Brisbane, Australia","Stormwater wetlands for the enhancement of environmental ecosystem services: case studies for two retrofit wetlands in Brisbane, Australia",10.1016/j.jclepro.2015.12.081,Y,Y,Constructed Wetlands & Lake Reconstruction,NA,NA,NA,NA,NA,species richness,species abundance,species richness,"species richness, species composition",NA,species richness,species richness,NA,NA,NA,species abundance,NA,ecosystem/habitat diversity,"?within and between and. Linked to taxa, though the diversity wasn't laid ot that well?",within and between,Y,Response (S),Y,some,quantitative,NA,NA,NA,qualitative,quantitative,quantitative,quantitative,floodimpact,"water storage, flowvelocity, runoff and erosion",some,Australia,Oceania,E,meso-macro,b,Meso,Positive,GG,Constructed Wetlands & Lake Reconstruction,Constructed Wetlands & Lake Reconstruction,years,c,repeated ,Spatial cf,Response (S),repeated 
Change in Spatial Distribution Patterns and Regeneration of Populus euphratica under Different Surface Soil Salinity Conditions,Change in Spatial Distribution Patterns and Regeneration of Populus euphratica under Different Surface Soil Salinity Conditions,10.1038/s41598-019-42306-7,Y,Y,Floodplain restoration,NA,NA,NA,NA,NA,NA,NA,NA,NA,NA,NA,NA,NA,NA,NA,"single species abundance, species composition, area cover",NA,NA,,NA,NA,Response (S),Y,some,qualitative,quantitative,NA,quantitative,NA,NA,NA,NA,water storage,"conveyance, groundwater",some,China,Asia,B,meso-macro,b,Meso,Positive,CC,Floodplain restoration,Floodplain restoration,>1 decade,d,repeated ,Spatial cf,Response (S),repeated 
Changes in multiple facets of macroinvertebrate alpha diversity are linked to afforestation in a subtropical riverine natural reserve,Changes in multiple facets of macroinvertebrate alpha diversity are linked to afforestation in a subtropical riverine natural reserve,10.1007/s11356-018-3491-z,Y,Y,Forest afforestation,NA,NA,NA,NA,NA,"species richness, species composition, phylogenetic diversity, functional diversity",NA,"species richness, species composition, phylogenetic diversity, functional diversity","species richness, species composition, phylogenetic diversity, functional diversity",NA,NA,"species richness, species composition, phylogenetic diversity, functional diversity",NA,NA,NA,area cover,NA,NA,,NA,NA,Response (S),Y,some,NA,NA,NA,NA,NA,NA,NA,quantitative,NA,NA,NA,China,Asia,B,meso-macro,b,Meso,NA,FF,Afforestation,Forest afforestation,>1 decade,d,repeated ,Temporal (pre-post),Response (S),repeated 
Managing Biodiversity: Impacts of Legal Protection in Mountain Forests of the Himalayas,Managing Biodiversity: Impacts of Legal Protection in Mountain Forests of the Himalayas,10.3390/f9080476,Y,Y,Ecosystem Protection,NA,NA,NA,NA,NA,NA,NA,NA,NA,NA,NA,NA,NA,NA,NA,species richness,NA,NA,,NA,NA,Response (S),Y,some,NA,NA,NA,NA,qualitative,qualitative,NA,qualitative,flowvelocity,NA,some,Nepal,Asia,B,meso-macro,b,Meso,NA,II,Ecosystem Protection,Ecosystem Protection,>2 decades,e,NA,Spatial cf,Response (S),Unclear
Relative influence of landscape vs. local factors on plant community assembly in restored wetlands,Relative influence of landscape vs. local factors on plant community assembly in restored wetlands,10.1890/08-1836.1,Y,Y,Wetland Restoration,NA,NA,NA,NA,NA,NA,NA,NA,NA,NA,NA,NA,NA,NA,NA,"functional diversity, species composition","functional diversity, species composition",NA,,NA,NA,Response (S),Y,some,quantitative,qualitative,qualitative,NA,NA,NA,NA,NA,"conveyance, drainage",water storage,NA,USA,North America,C,meso-macro,b,Meso,NA,DD,Wetland Restoration,Wetland Restoration,years,c,repeated ,Spatial cf,Response (S),repeated 
Restoration of a Canadian prairie wetland with agricultural and municipal wastewater,Restoration of a Canadian prairie wetland with agricultural and municipal wastewater,10.1007/s002679900212,Y,Y,Constructed Wetlands & Lake Reconstruction,"species richness, species abundance","species richness, species abundance","species richness, species abundance","species richness, species abundance","species richness, species abundance",NA,NA,NA,NA,NA,NA,NA,NA,NA,NA,"species richness, species abundance",NA,NA,,NA,NA,Response (S),Y,some,quantitative,NA,qualitative,qualitative,qualitative,NA,NA,quantitative,"drainage, floodimpact, groundwater",water storage,some,Canada,North America,C,meso-macro,b,Meso,NA,GG,Constructed Wetlands & Lake Reconstruction,Constructed Wetlands & Lake Reconstruction,years,c,repeated ,Spatial cf,Response (S),repeated 
"Seed limitation and saline-alkaline stress restrict wetland restoration potential in the Songnen Plain, northeastern China","Seed limitation and saline-alkaline stress restrict wetland restoration potential in the Songnen Plain, northeastern China",10.1016/j.ecolind.2021.107998,Y,Y,Wetland Restoration,NA,NA,NA,NA,NA,NA,NA,NA,NA,NA,NA,NA,NA,NA,NA,"species richness, species abundance","species richness, species abundance",NA,,NA,NA,Response (S),Y,some,quantitative,quantitative,NA,NA,NA,NA,NA,NA,NA,"water storage, conveyance",some,China,Asia,B,meso-macro,b,Meso,Unclear,DD,Wetland Restoration,Wetland Restoration,years,c,repeated ,Spatial cf,Response (S),repeated 
"Temporospatial variation in ecosystem configuration in a pilot city for the Water Ecological Civilisation Project, China","Temporospatial variation in ecosystem configuration in a pilot city for the Water Ecological Civilisation Project, China",10.1071/MF18338,Y,Y,River Restoration,NA,NA,"species richness, species abundance, species composition, species evenness",NA,NA,"species richness, species abundance","species richness, species abundance, species composition, species evenness","species richness, species abundance","species richness, species abundance, species composition, species evenness",NA,"species richness, species abundance, species composition, species evenness","species richness, species abundance",NA,"species richness, species abundance, species composition, species evenness",NA,NA,NA,NA,,NA,NA,Response (S),Y,some,NA,NA,NA,NA,NA,quantitative,NA,quantitative,NA,flowvelocity,NA,China,Asia,B,meso-macro,b,Meso,NA,EE,River Restoration,River Restoration,years,c,repeated ,Spatial cf,Response (S),repeated 
The assessment of aquatic ecosystem services for polder in Taihu Basin,The assessment of aquatic ecosystem services for polder in Taihu Basin,10.5846/stxb201401030016,Y,Y,Blue-Green Infrastructure,NA,NA,species richness,NA,NA,NA,species richness ,NA,species richness,NA,NA,NA,NA,NA,NA,NA,species richness,NA,Y,between,Y,Response (S),Y,NA,quantitative,NA,NA,NA,quantitative,NA,NA,NA,NA,"water storage, floodimpact",NA,China,Asia,B,meso-macro,b,Meso,NA,AA,Blue-Green Infrastructure,Blue-Green Infrastructure,z,a,NA,Spatial cf,Response (S),Unclear
"Environmental remediation promotes the restoration of biodiversity in the Shenzhen Bay Estuary, South China","Environmental remediation promotes the restoration of biodiversity in the Shenzhen Bay Estuary, South China",10.1080/20964129.2022.2026250,Y,Y,Mangrove Afforestation,"species richness, species abundance",NA,species richness,"species richness, species abundance","species richness, species abundance",NA,"species richness, species abundance",species richness,species richness,NA,NA,NA,NA,NA,NA,NA,"species richness, species abundance",ecosystem/habitat diversity,Y - between and wihtin habitats and taxa link,within and between,Y,Treatment(response(S)),Y,some,qualitative,NA,qualitative,NA,qualitative,NA,quantitative,quantitative,"drainage, floodimpact",runoff and erosion,NA,China,Asia,B,meso-macro,b,Meso,NA,FG,Mangrove Afforestation,Mangrove Afforestation,>1 decade,d,repeated ,Temporal (pre-post),Treatment(response(S)),repeated 
"Restoration and rational use of degraded saline reed wetlands: A case study in western Songnen Plain, China","Restoration and rational use of degraded saline reed wetlands: A case study in western Songnen Plain, China",10.1007/s11769-012-0519-z,Y,Y,Wetland Restoration,"species richness, species evenness",NA,"species richness, species evenness",NA,NA,NA,NA,NA,NA,NA,"species richness, species evenness",NA,NA,NA,NA,NA,single species abundance,ecosystem/habitat diversity,"Y - within and between and linked to taxa, Jaccard equation used",NA,NA,Treatment(response(S)),Y,some,NA,NA,quantitative,NA,NA,NA,NA,quantitative,NA,"drainage, runoff and erosion",NA,China,Asia,B,meso-macro,b,Meso,NA,DD,Wetland Restoration,Wetland Restoration,years,c,repeated ,Temporal (pre-post),Treatment(response(S)),repeated 
Seed banks as a source of vegetation regeneration to support the recovery of degraded rivers: A comparison of river reaches of varying condition,Seed banks as a source of vegetation regeneration to support the recovery of degraded rivers: A comparison of river reaches of varying condition,10.1016/j.scitotenv.2015.10.118,Y,Y,River Restoration,NA,NA,NA,NA,NA,NA,NA,NA,NA,NA,NA,NA,NA,NA,NA,"species richness, species abundance","species richness, species abundance",ecosystem/habitat diversity,Y - within H and linked to taxa,within,Y,Treatment(response(S)),Y,NA,NA,quantitative,NA,NA,quantitative,NA,quantitative,NA,NA,"conveyance, floodimpact, runoff and erosion",NA,Australia,Oceania,E,meso-macro,b,Meso,NA,EE,River Restoration,River Restoration,>2 decades,e,repeated ,Spatial cf,Treatment(response(S)),repeated 
"WETLAND PARK DESIGN FOR HABITAT RESTORATION - CASE STUDY ON THE QINGHUA WETLAND IN BAOSHAN, YUNNAN PROVINCE","WETLAND PARK DESIGN FOR HABITAT RESTORATION - CASE STUDY ON THE QINGHUA WETLAND IN BAOSHAN, YUNNAN PROVINCE",10.15302/J-LAF-1-030016,Y,Y,Wetland Restoration,"species richness, species composition",NA,NA,NA,NA,NA,NA,NA,NA,NA,NA,NA,NA,NA,NA,"functional diversity, species abundance","functional diversity, species abundance",ecosystem/habitat diversity,Y - niches for  native tracheophyte (within single habitat type),within,Y,Treatment(response(S)),Y,some,quantitative,NA,NA,qualitative,qualitative,NA,NA,qualitative,"groundwater, floodimpact ",water storage,NA,China,Asia,B,meso-macro,b,Meso,NA,DD,Wetland Restoration,Wetland Restoration,z,a,NA,Spatial cf,Treatment(response(S)),NA
The effect of mangrove restoration on avian assemblages of a coastal lagoon in southern Mexico,The effect of mangrove restoration on avian assemblages of a coastal lagoon in southern Mexico,10.7717/peerj.7493,Y,Y,Mangrove Afforestation,community composition no baseline,species abundance,NA,NA,NA,species abundance,NA,species abundance,species abundance,NA,species abundance,NA,NA,NA,NA,"species richness, species abundance","species richness, species abundance",ecosystem/habitat diversity,Y - linked species with semi-open structure diversity of manrgove habitat ( niches within single habitat type),within,Y,Treatment(response)S),Y,some,quantitative,quantitative,NA,NA,quantitative,NA,NA,quantitative,NA,"water storage, conveyance, floodimpact",NA,Mexico,South America,D,meso-macro,b,Meso,Unclear,FG,Mangrove Afforestation,Mangrove Afforestation,>4 decades,f,NA,Spatial cf,Treatment(response)S),Unclear
Quantification of the environmental effectiveness of nature-based solutions for increasing the resilience of cities under climate change,Quantification of the environmental effectiveness of nature-based solutions for increasing the resilience of cities under climate change,10.1016/j.ufug.2021.127433,Y,Y,Blue-Green Infrastructure,NA,NA,NA,NA,NA,NA,NA,NA,"species richness, species evenness",NA,NA,NA,NA,NA,"species richness, phylogenetic diversity","species richness, species evenness",NA,ecosystem/habitat diversity,Y  - woody species and soil,within and between,Y,Treatment(S),Y,some,quantitative,qualitative,NA,NA,NA,qualitative,quantitative,qualitative,"conveyance, flowvelocity","water storage, runoff and erosion",some,Spain,Europe,A,meso-macro,b,Meso,Positive,AA,Blue-Green Infrastructure,Blue-Green Infrastructure,years,c,NA,Spatial cf,Treatment(S),Unclear
Demonstrating the need to simultaneously implement all water sensitive design methods for aquatic ecosystem health,Demonstrating the need to simultaneously implement all water sensitive design methods for aquatic ecosystem health,10.1016/j.heliyon.2020.e05682,Y,Y,Blue-Green Infrastructure,NA,NA,species composition,NA,NA,NA,NA,NA,"species richness, species abundance, species composition, ",NA,species composition,"species richness, species abundance, species composition, ",NA,NA,NA,NA,NA,ecosystem/habitat diversity,"within, not sure if linked to a taxa specificallty enough",within,NA,Response (S),Y,Unclear,qualitative,NA,quantitative,NA,NA,NA,quantitative,quantitative,water storage,"drainage, runoff and erosion",some,New Zealand,Oceania,E,micro-meso,a,Micro,NA,AA,Blue-Green Infrastructure,Blue-Green Infrastructure,>1 decade,d,repeated ,Spatial cf,Response (S),repeated 
Ecosystem services provided by urban ponds and green spaces: a detailed study of a semi-natural site with global importance for research,Ecosystem services provided by urban ponds and green spaces: a detailed study of a semi-natural site with global importance for research,10.2166/bgs.2022.021,Y,Y,Blue-Green Infrastructure,species richness,species richness,species richness,species richness,NA,species richness,"species abundance, species evenness",NA,"species richness, species abundance, species composition, ","species richness, species abundance, species composition, ",NA,NA,"species abundance, species evenness",NA,NA,"species richness, species evenness, species composition","species richness, species evenness",ecosystem/habitat diversity,"good example of specific habitat dievrsity inclusion (within, between and taxa linked)",within and between,Y,Response (S),Y,some,quantitative,qualitative,quantitative,NA,quantitative,quantitative,quantitative,quantitative,conveyance,"water storage, drainage, floodimpact, flowvelocity, runoff and erosion",some,Scotland,Europe,A,micro-meso,a,Micro,Positive,AA,Blue-Green Infrastructure,Blue-Green Infrastructure,years,c,repeated ,Spatial cf,Response (S),repeated 
Estuarine Infauna Within Incidentally Retained Sediment in Artificial Rockpools,Estuarine Infauna Within Incidentally Retained Sediment in Artificial Rockpools,10.3389/fmars.2021.780720,Y,Y,Blue-Green Infrastructure/Coastal,NA,NA,NA,NA,NA,"species richness, species abundance",NA,"species richness, species abundance","species abundance, species composition",NA,NA,NA,NA,NA,NA,NA,NA,ecosystem/habitat diversity,"within and between, linked to taxa",within and between,Y,Response (S),Y,Unclear,qualitative,NA,NA,NA,qualitative,NA,qualitative,NA,"water storage, floodimpact, runoff and erosion",NA,NA,England,Europe,A,micro-meso,a,Micro,Positive,AA,Blue-Green Infrastructure,Blue-Green Infrastructure/Coastal,years,c,NA,Spatial cf,Response (S),NA
Plant and Soil Responses to Created Microtopography and Soil Treatments in Bottomland Hardwood Forest Restoration,Plant and Soil Responses to Created Microtopography and Soil Treatments in Bottomland Hardwood Forest Restoration,10.1111/j.1526-100X.2009.00524.x,Y,Y,Forest afforestation,NA,NA,NA,NA,NA,NA,NA,NA,NA,NA,NA,NA,NA,NA,NA,species composition,species composition,ecosystem/habitat diversity,"Y - within, microhabitat - microtopographic heterogeneity linked to species",within,NA,Response (S),Y,some,quantitative,NA,NA,NA,NA,NA,quantitative,NA,NA,"water storage, runoff and erosion",some,USA,North America,C,micro-meso,a,Micro,Positive,FF,Afforestation,Forest afforestation,months,b,repeated ,pre-post or spatial cf?,Response (S),repeated 
"Systematic Environmental Impact Assessment for Non-natural Reserve Areas: A Case Study of the Chaishitan Water Conservancy Project on Land Use and Plant Diversity in Yunnan, China","Systematic Environmental Impact Assessment for Non-natural Reserve Areas: A Case Study of the Chaishitan Water Conservancy Project on Land Use and Plant Diversity in Yunnan, China",10.3389/fevo.2017.00060,N,Y,Green roofs,NA,NA,NA,NA,NA,NA,NA,NA,NA,NA,NA,NA,NA,NA,NA,"species richness, species evenness, species abundance",NA,ecosystem/habitat diversity,between,between,linked,Response (S),Y,some,quantitative,NA,NA,unclear,NA,NA,qualitative,NA,runoff and erosion,water storage,some,Canada,North America,C,micro-meso,a,Micro,Positive,BB,Green roofs,Green roofs,months,b,repeated ,Spatial cf,Response (S),repeated 
Biodiversity and functional diversity of Australian stormwater biofilter plant communities,Biodiversity and functional diversity of Australian stormwater biofilter plant communities,10.1016/j.landurbplan.2017.11.002,Y,Y,Blue-Green Infrastructure,NA,NA,NA,NA,NA,NA,NA,NA,NA,NA,NA,NA,NA,NA,NA,"functional diversity, species richness, species composition",NA,NA,N,NA,NA,Response (S),Y,NA,quantitative,NA,NA,NA,NA,NA,NA,NA,NA,water storage,NA,Australia,Oceania,E,micro-meso,a,Micro,NA,AA,Blue-Green Infrastructure,Blue-Green Infrastructure,years,c,repeated ,Spatial cf,Response (S),repeated 
Flood Resilience of Urban River Restoration Projects: Case Studies in Hong Kong,Flood Resilience of Urban River Restoration Projects: Case Studies in Hong Kong,10.1061/(ASCE)ME.1943-5479.0000809,N,Y,River Restoration,NA,NA,NA,NA,NA,NA,NA,NA,NA,NA,NA,NA,NA,NA,NA,NA,"species richness, species composition",NA,N- talk about habitat structure but not measuring its diversity necessarily,NA,NA,Response (S),Y,some,NA,NA,quantitative,NA,quantitative,NA,quantitative,NA,NA,"drainage, floodimpact, runoff and erosion",some,Hong Kong,Asia,B,micro-meso,a,Micro,NA,EE,River Restoration,River Restoration,years,c,repeated ,Temporal (post-post),Response (S),repeated 
Green roof soil organisms: Anthropogenic assemblages or natural communities?,Green roof soil organisms: Anthropogenic assemblages or natural communities?,10.1016/j.apsoil.2018.01.010,Y,Y,Green roofs,NA,NA,NA,NA,NA,NA,NA,NA,"species richness, species evenness, species abundance, species composition",NA,NA,"species richness,  species abundance, species composition","species abundance, species composition",NA,NA,NA,NA,NA,,NA,NA,Response (S),Y,some,NA,NA,NA,NA,NA,NA,qualitative,NA,runoff and erosion,NA,NA,England,Europe,A,micro-meso,a,Micro,NA,BB,Green roofs,Green roofs,months,b,repeated ,Temporal (pre-post),Response (S),repeated 
Performance of Rolled Erosion Control Products (RECPs) as Bioswale Revetments,Performance of Rolled Erosion Control Products (RECPs) as Bioswale Revetments,10.3390/su13147731,Y,Y,Blue-Green Infrastructure,NA,NA,NA,NA,NA,NA,NA,NA,NA,NA,NA,NA,NA,NA,NA,"species richness, species composition",NA,NA,,NA,NA,Response (S),Y,some,qualitative,qualitative,quantitative,qualitative,NA,qualitative,quantitative,qualitative,"water storage, conveyance, groundwater, flowvelocity","drainage, runoff and erosion",some,Brazil,South America,D,micro-meso,a,Micro,NA,AA,Blue-Green Infrastructure,Blue-Green Infrastructure,years,c,repeated ,Spatial cf,Response (S),repeated 
Technical solutions and benefits of introducing rain gardens - Gdansk case study,Technical solutions and benefits of introducing rain gardens - Gdansk case study,10.1016/j.scitotenv.2022.155487,Y,Y,Blue-Green Infrastructure,NA,NA,NA,NA,NA,NA,NA,NA,NA,NA,NA,NA,NA,NA,NA,"species richness, species evenness",Unclear,NA,,NA,NA,Response (S),Y,NA,quantitative,NA,quantitative,NA,NA,qualitative,quantitative,qualitative,flowvelocity,"water storage, drainage, runoff and erosion",some,Poland,Europe,A,micro-meso,a,Micro,Unclear,AA,Blue-Green Infrastructure,Blue-Green Infrastructure,years,c,repeated ,Spatial cf,Response (S),repeated 
Assessing the long-term ecological effects of riparian management practices on headwater streams in a coastal temperate rainforest,Assessing the long-term ecological effects of riparian management practices on headwater streams in a coastal temperate rainforest,10.1016/j.foreco.2016.10.044,Y,Y,Forest afforestation,NA,NA,NA,NA,NA,NA,NA,NA,"species richness, species abundance",NA,NA,"species richness, species abundance, species composition, ",NA,NA,NA,single species abundance,species abundance,ecosystem/habitat diversity,within and linked,within,Y,Treatment(response(S)),Y,some,NA,NA,NA,NA,NA,NA,NA,qualitative,NA,NA,NA,Canada,North America,C,micro-meso,a,Micro,NA,FF,Afforestation,Forest afforestation,years,c,repeated ,Spatio-temporal (prepost),Treatment(response(S)),repeated 
Green Infrastructure Design Influences Communities of Urban Soil Bacteria,Green Infrastructure Design Influences Communities of Urban Soil Bacteria,10.3389/fmicb.2019.00982,Y,Y,Blue-Green Infrastructure,NA,NA,NA,NA,NA,NA,NA,NA,NA,NA,NA,NA,NA,NA,"species richness, species abundance, species composition, species evenness",community composition no baseline,community composition no baseline,ecosystem/habitat diversity,Y - between and within lliked to taxa,within and between,Y,Treatment(response(S)),Y,NA,quantitative,qualitative,quantitative,NA,NA,NA,quantitative,qualitative,conveyance,"water storage, drainage, runoff and erosion",some,USA,North America,C,micro-meso,a,Micro,Positive,AA,Blue-Green Infrastructure,Blue-Green Infrastructure,z,a,NA,Spatial cf,Treatment(response(S)),Unclear
Green infrastructure space and traits (GIST) model: Integrating green infrastructure spatial placement and plant traits to maximize multifunctionality,Green infrastructure space and traits (GIST) model: Integrating green infrastructure spatial placement and plant traits to maximize multifunctionality,10.1016/j.ufug.2020.126635,Y,Y,Blue-Green Infrastructure,NA,NA,NA,NA,NA,NA,NA,NA,NA,NA,NA,NA,NA,NA,NA,"species richness, species composition",NA,NA,,NA,NA,Treatment(response(S)),Y,NA,NA,NA,qualitative,NA,NA,NA,NA,NA,drainage,NA,NA,USA,North America,C,micro-meso,a,Micro,NA,AA,Blue-Green Infrastructure,Blue-Green Infrastructure,z,a,repeated ,Spatial cf,Treatment(response(S)),repeated 
Moving beyond habitat analogs: Optimizing green roofs for a balance of ecosystem services,Moving beyond habitat analogs: Optimizing green roofs for a balance of ecosystem services,10.1016/j.ecoleng.2021.106422,Y,Y,Green roofs,NA,NA,NA,NA,NA,NA,NA,NA,NA,NA,NA,NA,NA,NA,NA,species richness,NA,NA,(constructed) habitat complexity - no link to specific taxa ,NA,NA,Treatment(response(S)),Y,NA,quantitative,NA,NA,NA,NA,NA,quantitative,quantitative,NA,"water storage, runoff and erosion",NA,USA,North America,C,micro-meso,a,Micro,NA,BB,Green roofs,Green roofs,months,b,repeated ,Spatiotemporal (post-post),Treatment(response(S)),repeated 
Plant Species and Functional Group Combinations Affect Green Roof Ecosystem Functions,Plant Species and Functional Group Combinations Affect Green Roof Ecosystem Functions,10.1371/journal.pone.0009677,Y,Y,Green roofs,NA,NA,NA,NA,NA,NA,NA,NA,NA,NA,NA,NA,NA,NA,NA,"species richness, species evenness, species abundance, functional diversity",NA,NA,,NA,NA,Treatment(response(S)),Y,some,quantitative,NA,NA,NA,qualitative,NA,qualitative,NA,"floodimpact, runoff and erosion",water storage,NA,Canada,North America,C,micro-meso,a,Micro,Positive,BB,Green roofs,Green roofs,months,b,repeated ,Spatiotemporal (post-post),Treatment(response(S)),repeated 
"Relationships between plant drought response, traits, and climate of origin for green roof plant selection","Relationships between plant drought response, traits, and climate of origin for green roof plant selection",10.1002/eap.1782,Y,Y,Green roofs,NA,NA,NA,NA,NA,NA,NA,NA,NA,NA,NA,NA,NA,NA,NA,species abundance,NA,NA,does consider habitat of origin but doesn't quite measure it - could be structural hab. Heterogeinity?,NA,NA,Treatment(response(S)),Y,some,quantitative,NA,NA,NA,NA,NA,qualitative,NA,runoff and erosion,water storage,some,Australia,Oceania,E,micro-meso,a,Micro,NA,BB,Green roofs,Green roofs,months,b,repeated ,Temporal (post-post),Treatment(response(S)),repeated 
Spatial environmental heterogeneity affects plant growth and thermal performance on a green roof,Spatial environmental heterogeneity affects plant growth and thermal performance on a green roof,10.1016/j.scitotenv.2016.02.063,Y,Y,Green roofs,NA,NA,NA,NA,NA,NA,NA,NA,NA,NA,NA,NA,NA,NA,NA,"species abundance, species composition",Unclear,NA,a good example of how agricultural lands need to be restored proactively,NA,NA,Treatment(response(S)),Y,some,quantitative,NA,NA,NA,NA,NA,NA,NA,NA,water storage,some,Canada,North America,C,micro-meso,a,Micro,Unclear,BB,Green roofs,Green roofs,years,c,repeated ,Spatial cf,Treatment(response(S)),repeated 
"Amount of water runoff from different vegetation types on extensive green roofs: Effects of plant species, diversity and plant structure","Amount of water runoff from different vegetation types on extensive green roofs: Effects of plant species, diversity and plant structure",10.1016/j.landurbplan.2011.11.001,Y,Y,Green roofs,NA,NA,NA,NA,NA,NA,NA,NA,NA,NA,NA,NA,NA,NA,NA,species composition,NA,NA,,NA,NA,Treatment(S),Y,NA,NA,NA,NA,NA,NA,NA,quantitative,NA,NA,runoff and erosion,some,England,Europe,A,micro-meso,a,Micro,Positive,BB,Green roofs,Green roofs,z,a,NA,Spatial cf/No cf,Treatment(S),once 
Early Response of Soil Properties and Function to Riparian Rainforest Restoration,Early Response of Soil Properties and Function to Riparian Rainforest Restoration,10.1371/journal.pone.0104198,Y,Y,Floodplain restoration,NA,NA,NA,NA,NA,NA,NA,NA,NA,NA,NA,NA,NA,NA,NA,species abundance,Unclear,NA,,NA,NA,Treatment(S),Y,some,quantitative,NA,NA,NA,NA,NA,quantitative,qualitative,NA,"water storage, runoff and erosion",some,Australia,Oceania,E,micro-meso,a,Micro,Positive,CC,Floodplain restoration,Floodplain restoration,>2 decades,e,NA,No cf,Treatment(S),Unclear
"Evaluation of Pandanus Trees as a Means of Eco-DRR against Storm Surge Wave on Saint Martin√¢‚Ç¨‚Ñ¢s Island, Bangladesh","Evaluation of Pandanus Trees as a Means of Eco-DRR against Storm Surge Wave on Saint Martin√¢‚Ç¨‚Ñ¢s Island, Bangladesh",10.3390/w14111781,Y,Y,Coastal restoration,NA,NA,NA,NA,NA,NA,NA,NA,NA,NA,NA,NA,NA,NA,NA,species abundance,NA,NA,,NA,NA,Treatment(S),Y,some,NA,NA,NA,NA,quantitative,NA,NA,NA,NA,floodimpact,NA,Bangladesh,Asia,B,micro-meso,a,Micro,Positive,HH,Other Restoration,Coastal restoration,>1 decade,d,repeated ,Spacio-temporal cf,Treatment(S),repeated 
Influence of plant composition and water use strategies on green roof stormwater retention,Influence of plant composition and water use strategies on green roof stormwater retention,10.1016/j.scitotenv.2017.12.231,Y,Y,Green roofs,NA,NA,NA,NA,NA,NA,NA,NA,NA,NA,NA,NA,NA,NA,NA,"functional diversity, species abundance",NA,NA,,NA,NA,Treatment(S),Y,NA,quantitative,NA,qualitative,NA,NA,NA,quantitative,NA,drainage,"water storage, runoff and erosion",some,Australia,Oceania,E,micro-meso,a,Micro,Positive,BB,Green roofs,Green roofs,years,c,repeated ,Spatial cf,Treatment(S),repeated 
Phenological complementarity in plant growth and reproduction in a green roof ecosystem,Phenological complementarity in plant growth and reproduction in a green roof ecosystem,10.1016/j.ecoleng.2016.05.018,Y,Y,Green roofs,NA,NA,NA,NA,NA,NA,NA,NA,NA,NA,NA,NA,NA,NA,NA,"species abundance, species composition",NA,NA,,NA,NA,Treatment(S),Y,some,quantitative,NA,NA,NA,NA,NA,qualitative,NA,runoff and erosion,water storage,some,Canada,North America,C,micro-meso,a,Micro,NA,BB,Green roofs,Green roofs,years,c,repeated ,Spatial cf?,Treatment(S),repeated 
Plant species richness enhances nitrogen retention in green roof plots,Plant species richness enhances nitrogen retention in green roof plots,10.1890/15-1850.1/suppinfo,Y,Y,Green roofs,NA,NA,NA,NA,NA,NA,NA,NA,NA,NA,NA,NA,NA,NA,NA,"species richness, species abundance, functional diversity",NA,NA,,NA,NA,Treatment(S),Y,some,quantitative,NA,NA,NA,NA,NA,quantitative,quantitative,NA,"water storage, runoff and erosion",some,USA,North America,C,micro-meso,a,Micro,NA,BB,Green roofs,Green roofs,years,c,repeated ,Spatial cf?,Treatment(S),repeated 